"date","death","deathIncrease","inIcuCumulative","inIcuCurrently","hospitalizedIncrease","hospitalizedCurrently","hospitalizedCumulative","negative","negativeIncrease","onVentilatorCumulative","onVentilatorCurrently","posNeg","positive","positiveIncrease","recovered","states","totalTestResults","totalTestResultsIncrease"
"2020-10-12",206881,284,21625,6804,1178,35056,424236,103139241,888265,2464,1667,0,7770673,43043,3106728,56,116428059,1003578
"2020-10-11",206597,464,21553,6583,999,34028,423058,102250976,800029,2454,1614,0,7727630,46776,3075077,56,115424481,943645
"2020-10-10",206133,663,21512,6681,1472,34611,422059,101450947,953869,2451,1668,0,7680854,57206,3062983,56,114480836,1133178
"2020-10-09",205470,893,21389,6713,1802,34839,420587,100497078,950718,2437,1655,0,7623648,57060,3039089,56,113347658,1092407
"2020-10-08",204577,986,21217,6621,2074,34322,418785,99546360,880813,2427,1638,0,7566588,55352,3021252,56,112255251,1040059
"2020-10-07",203591,916,21112,6507,2250,32105,416711,98665547,732692,2410,1646,0,7511236,50602,2999895,56,111215192,862764
"2020-10-06",202675,634,20973,6438,-624,31346,414461,97932855,722475,2388,1609,0,7460634,38661,2952390,56,110352428,824253
"2020-10-05",202041,326,20812,6209,1519,30098,415085,97210380,846256,2370,1515,0,7421973,38133,2935196,56,109528175,937079
"2020-10-04",201715,363,20729,5974,649,29944,413566,96364124,824848,2362,1485,0,7383840,38439,2911789,56,108591096,958782
"2020-10-03",201352,741,20686,5996,1166,30106,412917,95539276,846390,2358,1501,0,7345401,51372,2897350,56,107632314,999895
"2020-10-02",200611,835,20612,6106,1342,30697,411751,94692886,977186,2348,1533,0,7294029,49534,2873369,56,106632419,1128719
"2020-10-01",199776,851,20492,6173,1760,30742,410409,93715700,759865,2334,1547,0,7244495,45694,2860650,56,105503700,899663
"2020-09-30",198925,1061,20390,6145,1590,30877,408649,92955835,674267,2319,1507,0,7198801,44424,2840747,56,104604037,814137
"2020-09-29",197864,739,20247,6106,1733,30391,407059,92281568,707529,2298,1495,0,7154377,36947,2813305,56,103789900,825336
"2020-09-28",197125,257,20121,5981,1241,29608,405326,91574039,919021,2285,1518,0,7117430,36524,2794608,56,102964564,1121479
"2020-09-27",196868,307,20050,6080,760,29434,404085,90655018,669524,2277,1511,0,7080906,35454,2766304,56,101843085,830686
"2020-09-26",196561,869,20002,6057,1154,29554,403325,89985494,889151,2272,1509,0,7045452,47856,2750459,56,101012399,1023011
"2020-09-25",195692,844,19919,6133,1331,29769,402171,89096343,877895,2264,1506,0,6997596,55526,2727335,56,99989388,1019392
"2020-09-24",194848,921,19555,6168,1588,30043,400840,88218448,802073,2177,1560,0,6942070,43772,2710183,56,98969996,943266
"2020-09-23",193927,1159,19452,6113,1451,29905,399252,87416375,800878,2154,1544,0,6898298,38567,2672338,56,98026730,928020
"2020-09-22",192768,854,19324,6111,1446,29459,397801,86615497,672641,2130,1562,0,6859731,49439,2646959,56,97098710,783814
"2020-09-21",191914,287,19353,6071,1140,28755,396355,85942856,639272,2116,1572,0,6810292,39472,2615974,56,96314896,729336
"2020-09-20",191627,327,19281,6015,516,28608,395215,85303584,790601,2112,1595,0,6770820,36295,2589239,56,95585560,917564
"2020-09-19",191300,740,19243,6070,1067,29035,394699,84512983,946890,2111,1577,0,6734525,45564,2577467,56,94667996,1066766
"2020-09-18",190560,901,19163,6175,1459,29501,393632,83566093,856141,2107,1608,0,6688961,47486,2557862,56,93601230,990369
"2020-09-17",189659,863,19057,6278,1549,29900,392173,82709952,733211,2092,1658,0,6641475,43558,2540334,56,92610861,850502
"2020-09-16",188796,1200,18961,6308,1517,30278,390624,81976741,625601,2090,1651,0,6597917,40021,2525573,56,91760359,731850
"2020-09-15",187596,1031,18847,6310,1491,30328,389107,81351140,649588,2071,1572,0,6557896,35445,2495127,56,91028509,730409
"2020-09-14",186565,404,18748,6238,937,29895,387616,80701552,371748,2061,1507,0,6522451,33864,2477942,56,90298100,451333
"2020-09-13",186161,390,18692,6233,592,29810,386679,80329804,612437,2056,1562,0,6488587,34453,2450184,56,89846767,733621
"2020-09-12",185771,810,18648,6451,1076,30655,386087,79717367,806722,2051,1619,0,6454134,42090,2438903,56,89113146,907846
"2020-09-11",184961,1018,18549,6379,1553,31421,385011,78910645,721070,2031,1715,0,6412044,44927,2417878,56,88205300,834688
"2020-09-10",183943,1170,18453,6531,1532,32421,383458,78189575,576461,2008,1925,0,6367117,37581,2403511,56,87370612,698008
"2020-09-09",182773,1084,18322,6646,2060,32562,381926,77613114,553429,1994,1903,0,6329536,31114,2387479,56,86672604,629649
"2020-09-08",181689,358,18189,6542,959,32262,379866,77059685,486487,1975,1879,0,6298422,22223,2359111,56,86042955,542885
"2020-09-07",181331,225,18156,6630,492,31999,378907,76573198,559616,1967,1879,0,6276199,28682,2333583,56,85500070,618579
"2020-09-06",181106,449,18125,6700,489,32372,378415,76013582,702709,1960,1912,0,6247517,33117,2316020,56,84881491,785254
"2020-09-05",180657,918,18089,6766,1287,33502,377926,75310873,761056,1956,1956,0,6214400,44905,2302203,56,84096237,883097
"2020-09-04",179739,998,18012,6924,1239,34099,376639,74549817,850612,1943,1995,0,6169495,51591,2283454,56,83213140,954666
"2020-09-03",178741,1070,17894,6921,1536,34682,375400,73699205,679230,1928,2042,0,6117904,44714,2266957,56,82258474,802498
"2020-09-02",177671,1032,17784,7087,1647,35569,373864,73019975,614433,1918,2024,0,6073190,30603,2231757,56,81455976,684407
"2020-09-01",176639,1027,17655,7090,1837,35271,372217,72405542,656103,1902,2042,0,6042587,42433,2202682,56,80771569,735567
"2020-08-31",175612,366,17537,7043,816,35352,370380,71749439,648999,1877,2077,0,6000154,31406,2184825,56,80036002,709021
"2020-08-30",175246,475,17439,7268,680,35726,369564,71100440,700008,1870,2055,0,5968748,39501,2153963,56,79326981,778906
"2020-08-29",174771,1015,17401,7413,1296,36428,368884,70400432,719736,1864,2062,0,5929247,44501,2140631,56,78548075,819828
"2020-08-28",173756,1024,17304,7558,1595,37239,367588,69680696,725710,1856,2086,0,5884746,46548,2118367,56,77728247,823828
"2020-08-27",172732,1129,17181,7717,1668,37464,365993,68954986,698076,1831,2125,0,5838198,43984,2101326,56,76904419,795295
"2020-08-26",171603,1298,17046,7737,1873,38401,364325,68256910,631672,1809,2142,0,5794214,44053,2084465,56,76109124,680144
"2020-08-25",170305,1147,16920,7863,1999,38779,362452,67625238,597782,1789,2163,0,5750161,36379,2053699,56,75428980,669714
"2020-08-24",169158,343,16787,7851,1049,38673,360453,67027456,648010,1764,2118,0,5713782,34643,2020774,56,74759266,706152
"2020-08-23",168815,572,16697,7949,774,39017,359404,66379446,577947,1737,2131,0,5679139,37566,1997782,56,74053114,658496
"2020-08-22",168243,1029,16657,8207,1537,39894,358630,65801499,710293,1736,2204,0,5641573,46236,1985493,56,73394618,795601
"2020-08-21",167214,1123,16563,8357,1817,40951,357093,65091206,697054,1730,2286,0,5595337,46561,1965056,56,72599017,791213
"2020-08-20",166091,1134,16487,8483,2010,41988,355276,64394152,634078,1716,2335,0,5548776,43758,1946866,56,71807804,730608
"2020-08-19",164957,1420,16377,8744,2032,43330,353266,63760074,644823,1705,2371,0,5505018,44955,1924875,56,71077196,705215
"2020-08-18",163537,1196,16123,8866,2273,43758,351234,63115251,616859,1695,2468,0,5460063,40795,1889170,56,70371981,677615
"2020-08-17",162341,407,15985,8871,1267,43485,348961,62498392,625846,1678,2447,0,5419268,37880,1865580,56,69694366,693762
"2020-08-16",161934,619,15924,8958,649,44046,347694,61872546,740599,1665,2481,0,5381388,42487,1833096,56,69000604,811770
"2020-08-15",161315,1221,15891,9087,2031,44795,347045,61131947,693310,1663,2526,0,5338901,56149,1818546,56,68188834,782686
"2020-08-14",160094,1216,15764,9277,2212,45776,345014,60438637,798904,1665,2549,0,5282752,55636,1796326,56,67406148,893102
"2020-08-13",158878,1163,15629,9487,2685,47218,342802,59639733,843535,1649,2579,0,5227116,51759,1774648,56,66513046,932468
"2020-08-12",157715,1519,15524,9555,3055,47991,340117,58796198,439024,1629,2604,0,5175357,56134,1755225,56,65580578,485036
"2020-08-11",156196,1326,15331,9136,2715,48498,337062,58357174,698757,1612,2415,0,5119223,55701,1714960,56,65095542,755358
"2020-08-10",154870,426,15158,9216,1654,48635,334347,57658417,693402,1592,2533,0,5063522,42089,1670755,56,64340184,770922
"2020-08-09",154444,616,15081,9307,855,48899,332693,56965015,666939,1578,2507,0,5021433,50627,1656888,56,63569262,726583
"2020-08-08",153828,1089,15024,9662,1414,49911,331838,56298076,621980,1561,2566,0,4970806,53712,1643137,56,62842679,687715
"2020-08-07",152739,1333,14925,9691,8036,51207,330424,55676096,715719,1549,2617,0,4917094,61345,1623870,56,62154964,824613
"2020-08-06",151406,1251,14810,9994,2682,53132,322388,54960377,691399,1534,2718,0,4855749,54187,1598624,56,61330351,784710
"2020-08-05",150155,1346,14687,9986,2269,53353,319706,54268978,643615,1524,2719,0,4801562,52324,1577851,56,60545641,714844
"2020-08-04",148809,1255,14537,10207,4490,53326,317437,53625363,659553,1493,2701,0,4749238,51866,1528979,56,59830797,731745
"2020-08-03",147554,519,14370,10230,1724,53377,312947,52965810,692703,1463,2659,0,4697372,49713,1513446,56,59099052,773124
"2020-08-02",147035,498,14288,10415,817,54017,311223,52273107,643326,1448,2645,0,4647659,46812,1468689,56,58325928,706410
"2020-08-01",146537,1190,14227,10450,2318,54470,310406,51629781,673904,1445,2698,0,4600847,61101,1461885,56,57619518,758019
"2020-07-31",145347,1312,14044,10472,2627,55593,308088,50955877,657827,1437,2703,0,4539746,67623,1438160,56,56861499,934874
"2020-07-30",144035,1259,13875,10523,3383,56427,305461,50298050,737950,1415,2760,0,4472123,69418,1413957,56,55926625,837997
"2020-07-29",142776,1492,13744,10539,2934,57339,302078,49560100,767208,1400,2772,0,4402705,64408,1390568,56,55088628,852095
"2020-07-28",141284,1122,13559,10463,4672,57091,299144,48792892,703685,1372,2752,0,4338297,59003,1355363,56,54236533,786021
"2020-07-27",140162,1060,13412,10328,1690,58897,294472,48089207,707142,1356,2720,0,4279294,55332,1325804,56,53450512,789979
"2020-07-26",139102,559,13343,10353,1435,58621,292782,47382065,780054,1336,2723,0,4223962,61000,1297863,56,52660533,855667
"2020-07-25",138543,1023,13279,10380,1977,59301,291347,46602011,715969,1300,2729,0,4162962,64741,1279414,56,51804866,798254
"2020-07-24",137520,1176,13182,10395,3032,59682,289370,45886042,851205,1297,2711,0,4098221,75235,1261624,56,51006612,947910
"2020-07-23",136344,1056,12933,10414,2509,59718,286338,45034837,769521,1280,2465,0,4022986,71553,1233269,56,50058702,862923
"2020-07-22",135288,1171,12790,10457,2248,59596,283829,44265316,727105,1258,2440,0,3951433,69333,1210849,56,49195779,812804
"2020-07-21",134117,1039,12629,6711,2551,59364,281581,43538211,686361,1242,2414,0,3882100,63930,1182931,56,48382975,772148
"2020-07-20",133078,363,12475,6557,1647,58370,279030,42851850,654148,1223,2403,0,3818170,57041,1160087,56,47610827,726755
"2020-07-19",132715,527,12393,6384,944,57885,277383,42197702,715331,1216,2362,0,3761129,64260,1131171,56,46884072,785477
"2020-07-18",132188,872,12342,6397,2003,57645,276439,41482371,691886,1211,2343,0,3696869,64951,1122720,56,46098595,779243
"2020-07-17",131316,951,12243,6452,2678,57759,274436,40790485,757657,1200,2353,0,3631918,76842,1106844,56,45319352,848055
"2020-07-16",130365,947,12091,6359,2215,57440,271758,40032828,756287,1175,2317,0,3555076,71036,1090645,56,44471297,846145
"2020-07-15",129418,858,12002,6317,2416,56144,269543,39276541,703090,1166,2317,0,3484040,65797,1075882,56,43625152,787739
"2020-07-14",128560,736,11857,6235,2262,55565,267127,38573451,702900,1154,2263,0,3418243,62687,1049098,56,42837413,780502
"2020-07-13",127824,327,11749,6074,1214,53988,264865,37870551,636500,1142,2259,0,3355556,58133,1031939,56,42056911,715472
"2020-07-12",127497,476,11679,5930,939,52727,263651,37234051,702394,1136,2182,0,3297423,61312,1006326,56,41341439,772393
"2020-07-11",127021,757,11612,5939,5141,51858,262712,36531657,637755,1128,2169,0,3236111,62895,995576,56,40569046,708663
"2020-07-10",126264,854,11523,5896,2318,51599,257571,35893902,742929,1118,2197,0,3173216,66846,983185,56,39860383,838543
"2020-07-09",125410,867,11370,5845,1719,43933,255253,35150973,646844,1138,2127,0,3106370,59157,969111,56,39021840,724264
"2020-07-08",124543,807,11303,5874,2035,43076,253534,34504129,575559,1103,2172,0,3047213,62672,953420,56,38297576,661240
"2020-07-07",123736,923,11177,5832,1960,41760,251499,33928570,584171,1084,2098,0,2984541,51687,936476,56,37636336,651230
"2020-07-06",122813,243,11058,5687,794,39769,249539,33344399,471602,1070,2105,0,2932854,41959,924148,56,36985106,628401
"2020-07-05",122570,209,11010,5653,590,38764,248745,32872797,633339,1064,2080,0,2890895,45612,902558,56,36356705,681879
"2020-07-04",122361,306,10977,5633,871,38146,248155,32239458,577481,1063,1982,0,2845283,54338,894325,56,35674826,629104
"2020-07-03",122055,598,10936,5597,1435,37798,247284,31661977,654043,1059,2049,0,2790945,53948,883561,56,35045722,701332
"2020-07-02",121457,695,10843,5626,2003,37500,245849,31007934,608354,1041,2105,0,2736997,54085,875127,56,34344390,668262
"2020-07-01",120762,701,10752,5512,1438,36405,243846,30399580,589398,1027,2098,0,2682912,50981,823151,56,33676128,635080
"2020-06-30",120061,596,10669,5424,1582,35248,242408,29810182,580152,1008,2044,0,2631931,47864,813788,56,33041048,641047
"2020-06-29",119465,332,10542,5380,670,33585,240826,29230030,615988,990,2011,0,2584067,39813,798360,56,32400001,663827
"2020-06-28",119133,271,10473,5252,580,32488,240156,28614042,535806,983,2077,0,2544254,41570,778321,56,31736174,576065
"2020-06-27",118862,511,10415,5314,1057,32482,239576,28078236,555647,977,2159,0,2502684,43164,772465,56,31160109,596602
"2020-06-26",118351,637,10334,5283,1526,31738,238519,27522589,565494,966,2075,0,2459520,44543,763966,56,30563507,708972
"2020-06-25",117714,647,10257,5320,1257,31842,236993,26957095,602693,951,2214,0,2414977,39637,756719,56,29854535,632526
"2020-06-24",117067,724,10173,5293,1310,31102,235736,26354402,485049,934,2248,0,2375340,39075,747565,56,29222009,476354
"2020-06-23",116343,710,10077,5402,1257,30235,234426,25869353,469104,918,2293,0,2336265,33447,738952,56,28745655,624227
"2020-06-22",115633,286,10002,5323,800,28799,233169,25400249,444089,909,2299,0,2302818,27281,731602,56,28121428,472901
"2020-06-21",115347,294,9944,5195,514,28220,232369,24956160,496049,904,2321,0,2275537,27928,713537,56,27648527,529388
"2020-06-20",115053,629,9908,5229,745,27967,231855,24460111,533304,888,2380,0,2247609,32294,708864,56,27119139,550124
"2020-06-19",114424,655,9876,5341,1613,28616,231110,23926807,548107,884,2434,0,2215315,31471,698119,56,26569015,580999
"2020-06-18",113769,705,9736,5464,1040,28415,229497,23378700,491625,869,2520,0,2183844,27746,690692,56,25988016,525752
"2020-06-17",113064,767,9665,5612,1130,28576,228457,22887075,463168,857,2588,0,2156098,24001,680916,56,25462264,505835
"2020-06-16",112297,730,9590,5570,1301,28270,227327,22423907,442650,845,2594,0,2132097,23478,672228,56,24956429,473690
"2020-06-15",111567,381,9516,5703,543,27867,226026,21981257,415390,835,2640,0,2108619,18649,665059,56,24482739,440220
"2020-06-14",111186,356,9466,5749,640,27895,225483,21565867,464154,834,2716,0,2089970,21399,650541,56,24042519,473746
"2020-06-13",110830,694,9430,5883,1105,28450,224843,21101713,471388,830,2726,0,2068571,25376,645331,56,23568773,504395
"2020-06-12",110136,775,9373,6017,1245,29154,223738,20630325,599972,814,2734,0,2043195,23597,636111,56,23064378,593169
"2020-06-11",109361,899,9295,6074,1367,29698,222493,20030353,438062,792,2886,0,2019598,22153,629017,56,22471209,464182
"2020-06-10",108462,887,9225,6249,1484,30864,221126,19592291,408971,780,3020,0,1997445,20894,618125,56,22007027,430152
"2020-06-09",107575,902,9141,6457,1527,31009,219642,19183320,404379,771,3090,0,1976551,17312,609476,56,21576875,436410
"2020-06-08",106673,661,9013,6402,714,30996,218115,18778941,380221,762,3240,0,1959239,17209,603143,56,21140465,409592
"2020-06-07",106012,447,8957,6501,685,31225,217401,18398720,404383,753,3298,0,1942030,18740,590988,56,20730873,415483
"2020-06-06",105565,728,8920,6762,1017,31761,216716,17994337,521778,750,3476,0,1923290,23064,585470,56,20315390,554957
"2020-06-05",104837,826,8863,6920,1440,32280,215699,17472559,484686,740,3523,0,1900226,23394,576327,56,19760433,580642
"2020-06-04",104011,893,8787,7057,-2841,32639,214259,16987873,441895,723,3665,0,1876832,20886,569623,56,19179791,475279
"2020-06-03",103118,993,8688,7227,2255,33070,217100,16545978,448319,717,3749,0,1855946,20390,557366,56,18704512,470848
"2020-06-02",102125,962,8566,7407,1585,33724,214845,16097659,400600,710,3852,0,1835556,20109,541976,56,18233664,429001
"2020-06-01",101163,668,8485,7591,2796,34075,213260,15697059,393669,704,3950,0,1815447,20485,536339,56,17804663,414178
"2020-05-31",100495,652,8445,7626,976,34648,210464,15303390,375191,704,3669,0,1794962,21558,522866,56,17390485,393667
"2020-05-30",99843,932,8305,7956,1424,35524,209488,14928199,402861,698,4004,0,1773404,23682,494569,56,16996818,425363
"2020-05-29",98911,1184,8235,8174,1715,36764,208064,14525338,465104,689,4032,0,1749722,23572,484554,56,16571455,493168
"2020-05-28",97727,1231,8109,8389,1630,37818,206349,14060234,413429,676,4080,0,1726150,22622,478099,56,16078287,438296
"2020-05-27",96496,1321,8015,8547,1713,38038,204719,13646805,290562,666,4222,0,1703528,19447,391508,56,15639991,317530
"2020-05-26",95175,645,7899,8585,17320,37561,203006,13356243,291055,650,4215,0,1684081,16825,384902,56,15322461,314860
"2020-05-25",94530,559,7847,8467,1002,37432,185686,13065188,404718,642,4237,0,1667256,18671,379157,56,15007601,432860
"2020-05-24",93971,680,7801,8485,921,37483,184684,12660470,361940,639,4383,0,1648585,20072,366736,56,14574741,377370
"2020-05-23",93291,1063,7770,8733,1378,38391,183763,12298530,369149,638,4620,0,1628513,21531,361239,56,14197371,406036
"2020-05-22",92228,1341,7689,9049,4046,39822,182385,11929381,385791,633,4716,0,1606982,24433,350135,56,13791335,411331
"2020-05-21",90887,1394,7412,9090,4630,41065,178339,11543590,436275,616,4868,0,1582549,26688,298418,56,13380004,479406
"2020-05-20",89493,1399,7319,9521,1996,41546,173709,11107315,387243,613,4911,0,1555861,21308,294312,56,12900598,414235
"2020-05-19",88094,1326,7217,9598,1597,41661,171713,10720072,381974,606,5032,0,1534553,20897,289484,56,12486363,406157
"2020-05-18",86768,848,7064,9754,1157,41553,170116,10338098,335177,602,5257,0,1513656,21028,283178,56,12080206,374544
"2020-05-17",85920,849,7003,9934,1199,41606,168959,10002921,351570,593,5467,0,1492628,20009,272265,56,11705662,367026
"2020-05-16",85071,987,6945,10278,1856,43211,167760,9651351,338158,592,5529,0,1472619,24702,268376,56,11338636,362769
"2020-05-15",84084,1507,6890,10484,1353,44299,165904,9313193,334713,589,5746,0,1447917,24685,250747,56,10975867,376150
"2020-05-14",82577,1879,6795,10655,3206,45635,164551,8978480,338711,582,5940,0,1423232,26785,246414,56,10599717,374675
"2020-05-13",80698,1704,6713,10990,1809,46742,161345,8639769,299164,572,6156,0,1396447,21285,243430,56,10225042,323573
"2020-05-12",78994,1486,5595,11240,1579,47402,159536,8340605,286983,559,6352,0,1375162,22890,238857,56,9901469,319634
"2020-05-11",77508,892,6488,11148,1238,46372,157957,8053622,365238,551,6350,0,1352272,18377,232142,56,9581835,393578
"2020-05-10",76616,1036,6445,11393,1055,46981,156719,7688384,245353,547,6395,0,1333895,21055,215591,56,9188257,258233
"2020-05-09",75580,1445,6367,11496,1708,48564,155664,7443031,267236,543,6551,0,1312840,25218,211976,56,8930024,299045
"2020-05-08",74135,1798,6294,11780,6892,49785,153956,7175795,271123,531,6788,0,1287622,27222,198459,56,8630979,314734
"2020-05-07",72337,2752,5174,12136,3742,51398,147064,6904672,275015,529,7070,0,1260400,27537,194528,56,8316245,295448
"2020-05-06",69585,1948,4911,12478,2119,52560,143322,6629657,220849,449,4753,0,1232863,25115,189425,56,8020797,264570
"2020-05-05",67637,2452,4794,12628,1983,53221,141203,6408808,250081,439,4818,0,1207748,22444,189336,56,7756227,281117
"2020-05-04",65185,1035,4579,12696,1651,52409,139220,6158727,209668,430,4848,0,1185304,22649,186752,56,7475110,234348
"2020-05-03",64150,1232,4502,12720,1963,52623,137569,5949059,211117,425,4761,0,1162655,25701,179733,56,7240762,230974
"2020-05-02",62918,1562,4386,12905,2031,54048,135606,5737942,218321,375,4845,0,1136954,29154,174987,56,7009788,260049
"2020-05-01",61356,1779,4300,12845,9789,54903,133575,5519621,263100,376,4707,0,1107800,33021,163644,56,6749739,297203
"2020-04-30",59577,2139,4192,13255,2290,54919,123786,5256521,203903,373,4712,0,1074779,29975,154648,56,6452536,249834
"2020-04-29",57438,2713,4093,13535,3415,55979,121496,5052618,212653,365,4796,0,1044804,26168,147165,56,6202702,241233
"2020-04-28",54725,2072,3798,13562,2079,56062,118081,4839965,181953,195,4760,0,1018636,25280,139041,56,5961469,212098
"2020-04-27",52653,1270,3720,13812,3076,56189,116002,4658012,173380,195,4867,0,993356,22708,121323,56,5749371,201690
"2020-04-26",51383,1215,2571,14104,2192,56192,112926,4484632,179284,227,5121,0,970648,27310,116529,56,5547681,204025
"2020-04-25",50168,1748,2516,14415,2456,57381,110734,4305348,240717,227,5266,0,943338,35889,112539,56,5343656,278950
"2020-04-24",48420,1895,2468,14605,2338,57295,108278,4064631,202285,227,5187,0,907449,34231,101296,56,5064706,238383
"2020-04-23",46525,1791,2428,14744,2802,58989,105940,3862346,161630,227,5464,0,873218,31812,96921,56,4826323,194831
"2020-04-22",44734,2098,2370,15013,3087,59202,103138,3700716,295229,227,5474,0,841406,28959,92978,56,4631492,337031
"2020-04-21",42636,2467,2315,14941,2682,59780,100051,3405487,127063,214,5514,0,812447,26367,72842,56,4294461,159255
"2020-04-20",40169,1798,2193,14463,2211,56734,97369,3278424,120369,214,5567,0,786080,25897,69493,56,4135206,151093
"2020-04-19",38371,1772,2145,14385,2239,56486,95158,3158055,126832,214,5603,0,760183,27387,67205,56,3984113,155249
"2020-04-18",36599,1893,2096,14769,3563,57761,92919,3031223,118251,205,5729,0,732796,27907,62840,56,3828864,145643
"2020-04-17",34706,2119,2052,14890,3405,58895,89356,2912972,127342,148,6096,0,704889,32024,53533,56,3683221,165985
"2020-04-16",32587,2200,1834,15130,3071,59499,85951,2785630,133173,137,5940,0,672865,30978,48851,56,3517236,166700
"2020-04-15",30387,2544,1783,14646,4434,59940,82880,2652457,107024,223,6032,0,641887,30307,43435,56,3350536,145124
"2020-04-14",27843,2336,1715,14039,3282,59610,78446,2545433,126412,221,5975,0,611580,25719,39268,56,3205412,157205
"2020-04-13",25507,1643,1628,13620,4285,56184,75164,2419021,109349,210,6168,0,585861,25195,35372,56,3048207,139032
"2020-04-12",23864,1703,1455,13620,3288,55427,70879,2309672,111204,160,5986,0,560666,27784,34081,56,2909175,136620
"2020-04-11",22161,2054,1405,13285,2825,55573,67591,2198468,106592,154,5978,0,532882,30501,31567,56,2772555,137913
"2020-04-10",20107,2108,1185,12693,4934,53166,64766,2091876,124192,41,5937,0,502381,34380,28997,56,2634642,158711
"2020-04-09",17999,2043,924,12450,3923,51305,59832,1967684,136748,39,5794,0,468001,34503,24819,56,2475931,170255
"2020-04-08",15956,2010,1013,10337,4311,45492,55909,1830936,117154,216,4131,0,433498,30677,21102,56,2305676,150338
"2020-04-07",13946,2024,889,9978,2981,43799,51598,1713782,123604,151,4076,0,402821,30885,18443,56,2155338,155706
"2020-04-06",11922,1318,814,7079,2946,36156,48617,1590178,123253,147,2961,0,371936,29002,16554,56,1999632,156434
"2020-04-05",10604,1340,760,5811,3903,32169,45671,1466925,94299,147,652,0,342934,25500,14513,56,1843198,120051
"2020-04-04",9264,1482,554,5500,5086,30266,41768,1372626,196066,147,656,0,317434,33212,12816,56,1723147,226657
"2020-04-03",7782,1286,486,4928,4554,25729,36682,1176560,101013,147,605,0,284222,32076,10861,56,1496490,134418
"2020-04-02",6496,1172,456,4513,4175,22956,32128,1075547,91058,140,574,0,252146,28060,8586,56,1362072,121243
"2020-04-01",5324,1011,407,3937,4228,20775,27953,984489,82981,140,561,0,224086,25791,7084,56,1240829,110730
"2020-03-31",4313,890,236,3487,3906,18082,23725,901508,87657,,507,0,198295,24853,5666,56,1130099,115377
"2020-03-30",3423,589,187,3087,2536,15772,19819,813851,96706,,451,0,173442,22042,4560,56,1014722,119010
"2020-03-29",2834,521,156,2456,2775,14026,17283,717145,68187,,439,0,151400,19581,4052,56,895712,85213
"2020-03-28",2313,538,140,2174,2425,12350,14508,648958,87375,,390,0,131819,19692,3143,56,810499,98401
"2020-03-27",1775,406,124,1792,2563,10932,12083,561583,83781,,324,0,112127,19128,2418,56,712098,105186
"2020-03-26",1369,319,91,1299,2499,7757,9520,477802,84311,,258,0,92999,17720,97,56,606912,106068
"2020-03-25",1050,235,74,,1904,5062,7021,393491,71728,,167,0,75279,12908,146,56,500844,84023
"2020-03-24",815,234,,,1180,3902,5117,321763,58695,,,0,62371,10769,,56,416821,69846
"2020-03-23",581,101,,,914,2770,3937,263068,46894,,,0,51602,11439,,56,346975,59136
"2020-03-22",480,146,,,1003,2155,3023,216174,36456,,,0,40163,9125,,56,287839,49003
"2020-03-21",334,62,,,1912,1436,2020,179718,38628,,,0,31038,6793,,56,238836,49157
"2020-03-20",272,69,,,23,1042,108,141090,30568,,,0,24245,6147,,56,189679,41015
"2020-03-19",203,48,,,18,617,85,110522,23323,,,0,18098,4651,,56,148664,31018
"2020-03-18",155,32,,,12,416,67,87199,22068,,,0,13447,3089,,56,117646,28281
"2020-03-17",123,23,,,13,325,55,65131,13945,,,0,10358,2588,,56,89365,18628
"2020-03-16",100,21,,,6,,42,51186,16525,,,0,7770,1748,,56,70737,20304
"2020-03-15",79,15,,,10,,36,34661,6553,,,0,6022,1291,,51,50433,8371
"2020-03-14",64,9,,,4,,26,28108,3852,,,0,4731,924,,51,42062,5736
"2020-03-13",55,4,,,6,,22,24256,8318,,,0,3807,1072,,51,36326,10353
"2020-03-12",51,8,,,5,,16,15938,4750,,,0,2735,671,,51,25973,5741
"2020-03-11",43,6,,,3,,11,11188,3421,,,0,2064,509,,51,20232,4043
"2020-03-10",37,2,,,0,,8,7767,2184,,,0,1555,387,,51,16189,2683
"2020-03-09",35,4,,,2,,8,5583,1534,,,0,1168,292,,51,13506,1900
"2020-03-08",31,4,,,0,,6,4049,716,,,0,876,198,,51,11606,944
"2020-03-07",27,1,,,0,,6,3333,661,,,0,678,178,,51,10662,941
"2020-03-06",26,6,,,1,,6,2672,723,,,0,500,112,,38,9721,877
"2020-03-05",20,4,,,1,,5,1949,532,,,0,388,107,,26,8844,642
"2020-03-04",16,2,,,4,,4,1417,971,,,0,281,139,,19,8202,1121
"2020-03-03",14,3,,,0,,,446,203,,,0,142,48,,6,7081,266
"2020-03-02",11,3,,,0,,,243,158,,,0,94,44,,6,6815,212
"2020-03-01",8,3,,,0,,,85,61,,,0,50,32,,6,6603,95
"2020-02-29",5,1,,,0,,,24,24,,,0,18,18,,4,6508,45
"2020-02-28",4,2,,,0,,,0,0,,,0,0,0,,4,6463,2
"2020-02-27",2,0,,,0,,,0,0,,,0,0,0,,4,6461,6445
"2020-02-26",2,2,,,0,,,0,0,,,0,0,0,,3,16,0
"2020-02-25",0,0,,,0,,,0,0,,,0,0,0,,3,16,0
"2020-02-24",0,0,,,0,,,0,0,,,0,0,0,,3,16,2
"2020-02-23",0,0,,,0,,,0,0,,,0,0,0,,3,14,0
"2020-02-22",0,0,,,0,,,0,0,,,0,0,0,,3,14,0
"2020-02-21",0,0,,,0,,,0,0,,,0,0,0,,3,14,0
"2020-02-20",0,0,,,0,,,0,0,,,0,0,0,,3,14,1
"2020-02-19",0,0,,,0,,,0,0,,,0,0,0,,3,13,0
"2020-02-18",0,0,,,0,,,0,0,,,0,0,0,,3,13,0
"2020-02-17",0,0,,,0,,,0,0,,,0,0,0,,3,13,0
"2020-02-16",0,0,,,0,,,0,0,,,0,0,0,,3,13,0
"2020-02-15",0,0,,,0,,,0,0,,,0,0,0,,3,13,0
"2020-02-14",0,0,,,0,,,0,0,,,0,0,0,,3,13,0
"2020-02-13",0,0,,,0,,,0,0,,,0,0,0,,3,13,0
"2020-02-12",0,0,,,0,,,0,0,,,0,0,0,,3,13,1
"2020-02-11",0,0,,,0,,,0,0,,,0,0,0,,3,12,0
"2020-02-10",0,0,,,0,,,0,0,,,0,0,0,,3,12,1
"2020-02-09",,0,,,0,,,0,0,,,0,0,0,,2,11,0
"2020-02-08",,0,,,0,,,0,0,,,0,0,0,,2,11,1
"2020-02-07",,0,,,0,,,0,0,,,0,0,0,,2,10,0
"2020-02-06",,0,,,0,,,0,0,,,0,0,0,,2,10,1
"2020-02-05",,0,,,0,,,0,0,,,0,0,0,,2,9,0
"2020-02-04",,0,,,0,,,0,0,,,0,0,0,,2,9,2
"2020-02-03",,0,,,0,,,0,0,,,0,0,0,,2,7,3
"2020-02-02",,0,,,0,,,0,0,,,0,0,0,,2,4,0
"2020-02-01",,0,,,0,,,0,0,,,0,0,0,,2,4,0
"2020-01-31",,0,,,0,,,0,0,,,0,0,0,,2,4,0
"2020-01-30",,0,,,0,,,0,0,,,0,0,0,,2,4,0
"2020-01-29",,0,,,0,,,0,0,,,0,0,0,,2,4,1
"2020-01-28",,0,,,0,,,0,0,,,0,0,0,,2,3,0
"2020-01-27",,0,,,0,,,0,0,,,0,0,0,,2,3,1
"2020-01-26",,0,,,0,,,0,0,,,0,0,0,,2,2,0
"2020-01-25",,0,,,0,,,0,0,,,0,0,0,,2,2,0
"2020-01-24",,0,,,0,,,0,0,,,0,0,0,,2,2,0
"2020-01-23",,0,,,0,,,0,0,,,0,0,0,,2,2,1
"2020-01-22",,0,,,0,,,0,0,,,0,0,0,,2,1,0